dataset,device,num_features,num_augmented_rows,augmentation_factor,train_time,train_memory,predict_time,predict_memory,rmse_eureka,r2_eureka,mape_eureka,rmse_elasticnet,r2_elasticnet,mape_elasticnet
1027_ESL,cuda,4,3900,10,3.339949131011963,5.539176,0.0009710788726806641,0.018075,0.5071966040159879,0.8363506930659158,0.08205285314049057,0.7819919430662149,0.6109852635495373,0.1404951115624553
1028_SWD,cuda,10,8000,10,7.321451902389526,29.553561,0.0018863677978515625,0.048819,0.6717348273894911,0.3068433068428289,0.14535034316864948,0.8087026647662292,-0.004646875840086162,0.18957333333333334
1029_LEV,cuda,4,8000,10,6.510588884353638,11.306452,0.0008420944213867188,0.028516,0.7180130146660387,0.39603714944960977,296370725807853.5,0.8719617068012427,0.10928160950358923,527414665995282.56
1030_ERA,cuda,4,8000,10,6.585925340652466,11.302455,0.0010519027709960938,0.040011,1.607404840401869,0.37590571957793273,0.4246120840854464,1.641147682286851,0.34942857123780136,0.46946365148640096
1089_USCrimEureka Documentation</title>
    <link rel="icon" href="./media/eureka92162799835205,1.446123,0.0005917549133300781,0.002961,1.935868365757049,0.7966319090030597,0.035807260495075585,1.9064173437268068,0.8027726558232192,0.03656848374523171
192_vineyard,cuda,2,1025,25,0.504162073135376,0.698593,0.0006482601165771484,0.002281,2.502788075805016,0.6645551111133416,0.13807171902448506,2.454928650567369,0.677261502011702,0.1484583166011211
197_cpu_act,cuda,21,65530,10,77.49603843688965,602.563582,0.029199838638305664,2.597292,22.02993329979573,-0.6195600790557232,1187691690227526.5,8.917986955154902,0.7345978943108606,4298052619833030.5
201_pol,cuda,48,96000,8,235.94282054901123,3885.825606,0.08357691764831543,16.249144,22.269700018446873,0.7083805522143423,4.757863355074261e+16,29.99256691457982,0.47104951188393607,6.773364530705705e+16
210_cloud,cuda,5,1032,12,0.7658867835998535,1.950108,0.0004911422729492188,0.004161,0.3529619340239849,0.9196746808568388,0.4074677314965934,0.8286360407752561,0.5572848785311292,2.746705031460245
215_2dplanes,cuda,10,97842,3,266.51856660842896,301.576226,0.008420467376708984,1.827369,1.097913613484511,0.9368416705291199,1.5087345889863655,3.2118935308273846,0.4594740165996273,2.6920041785797357
218_house_8L,cuda,8,91135,5,164.75316953659058,218.753314,0.009175300598144531,2.444108,46944.46815897374,0.21549552616958578,2.7108864348703293e+17,47944.204559408085,0.18172588428888115,4.57862581296566e+17
225_puma8NH,cuda,8,65530,10,55.50764083862305,159.550411,0.005713939666748047,0.394473,4.26456975459167,0.4134631254698222,2.7992900687271254,4.665709611873043,0.2979302090325946,2.4465825988538574
227_cpu_small,cuda,12,65530,10,63.709932804107666,258.116765,0.017616748809814453,0.997626,189.18624948954977,-118.44001080876566,4235478721467181.5,9.30155488161836,0.7112767189193798,4452690757444382.0
228_elusage,cuda,2,1012,23,0.4977705478668213,0.691942,0.0003695487976074219,0.002369,26.929130737598,-1.7214918899787053,0.5893158976766671,12.821490103052858,0.38306504477960646,0.2639783988245426
229_pwLinear,cuda,10,1600,10,1.341409683227539,5.944408,0.0015833377838134766,0.017961,1.385514056134904,0.8615448902630652,0.4181382517977184,2.4344346090359976,0.5725519471878071,0.7660356703022779
230_machine_cpu,cuda,6,1670,10,1.5468342304229736,3.613271,0.0011162757873535156,0.014745,87.06198159336209,0.8511047498267996,0.7315828482770252,75.02151892604881,0.8894406558058601,0.8025938952315015
294_satellite_image,cuda,36,51480,10,103.95267748832703,1222.646844,0.06287264823913574,6.981832,1.0731184291400027,0.7632080058851765,0.3598898313970416,1.2119685945392369,0.697966969127048,0.4298594972087924
344_mv,cuda,10,97842,3,282.8334608078003,301.583616,0.013472557067871094,3.197361,0.9501693859511914,0.9917297783303756,2.7720922560100156,5.806861208525529,0.6911141775209454,11.200905217809918
4544_GeographicalOriginalofMusic,cuda,117,8470,10,121.02986121177673,1926.686324,0.021627426147460938,0.279143,0.5795287536677838,0.5971497753543984,4.05128499965579,0.7812440215270487,0.26790566413440675,1.8665072336102178
485_analcatdata_vehicle,cuda,4,1026,27,0.5095200538635254,1.489338,0.0010211467742919922,0.004379,373.7323528553627,-0.4324512466663639,0.82129450222616,270.16636144007884,0.2514496679844216,0.7192398435650116
522_pm10,cuda,7,4000,10,3.6496176719665527,9.902746,0.0011417865753173828,0.028313,0.9147430277461585,-0.150679924752106,0.2782019126235345,0.8602408504581112,-0.017645331750321125,0.2571565056275529
523_analcatdata_neavote,cuda,2,1040,13,0.8058135509490967,0.714556,0.00021886825561523438,0.002401,0.8845688631388762,0.9377020642010506,0.4458050650873737,2.040824619701417,0.6683944961481343,1.2021170816262212
527_analcatdata_election2000,cuda,14,1007,19,0.7114982604980469,5.975156,0.0036478042602539062,0.014971,96238.09033119053,0.3435511086037597,0.7082192309677512,11984.983951505214,0.9898192015537525,0.09840421237944208
529_pollen,cuda,4,30780,10,26.734877347946167,43.379301,0.003809213638305664,0.142793,1.4768690763621237,0.7856957490675274,3.4445409378852903,1.550442479672367,0.7638118473221904,2.8729370273015746
542_pollution,cuda,15,1008,21,0.6746621131896973,6.639413,0.004925727844238281,0.016448,267.9117009357159,-9.175042061908616,0.26233496849082466,44.11856552759883,0.7240720994462291,0.03403979736405188
547_no2,cuda,7,4000,10,3.6892552375793457,9.904617,0.0012500286102294922,0.031513,0.6265755511867255,0.30123829296572424,0.142103921004893,0.7124423385125283,0.09659675027838688,0.1753236762280238
556_analcatdata_apnea2,cuda,3,3800,10,3.15eureka_logo.png" alt="Eureka Logo" class="h-10 w-auto">
                    </a>
                    <span class="ml-3 text-xl font-semibold text-gray-800">Eureka5,104.39702511581247,0.7972590150459694,0.278497981833645,80.84847202397015,0.8784068978627073,0.5710172672107505
562_cpu_small,cuda,12,65530,10,62.50323748588562,258.114972,0.004977226257324219,0.866506,48.78674438227665,-6.942813669372108,2239516538387556.0,9.30155488161836,0.7112767189193798,4452690757444382.0
564_fried,cuda,10,97842,3,267.5171082019806,301.578787,0.01017308235168457,2.806089,2.692935782220968,0.7049498856550451,0.22898541363706562,4.832382529750502,0.04990637423272981,0.4542109647709326
573_cpu_act,cuda,21,65530,10,78.80380916595459,602.562301,0.019606590270996094,2.78086,164.09963680588402,-88.86403984179857,2619257680681046.5,8.917986955154902,0.7345978943108606,4298052619833030.5
574_house_16H,cuda,16,91135,5,176.4046869277954,539.557093,0.020742416381835938,6.380915,53044.14732747794,-0.0016166225756355512,4.875835352299478e+17,52493.38585335662,0.01907512018419233,5.594177494120342e+17
579_fri_c0_250_5,cuda,5,2000,10,1.680647373199463,3.741007,0.000568389892578125,0.007507,0.4393479222646118,0.7568189946382687,2.8379472003182293,0.9120002089910499,-0.047857850571460414,1.3247264942443764
581_fri_c3_500_25,cuda,25,4000,10,3.50441312789917,57.043735,0.002556324005126953,0.031395,0.7675578053813488,0.4933476809527825,6.903897808407617,1.078842185633523,-0.0009299635452464372,1.3054970446314054
583_fri_c1_1000_50,cuda,50,8000,10,7.678308725357056,357.328211,0.00821542739868164,0.087515,0.6570723792259355,0.5299973740525746,2.46156205640136,0.9585789594179731,-0.00029856446214227006,1.0010290321364859
586_fri_c3_1000_25,cuda,25,8000,10,6.689280033111572,106.005827,0.0013937950134277344,0.032995,0.6913737770791644,0.5691253223453032,1.4478052084389896,1.0569094249908715,-0.006933306719870025,1.1908932877122398
588_fri_c4_1000_100,cuda,100,8000,10,11.9973838329your-github-username/eureka" target="_blank" class="text-gray-600 hover:text-blue-600">
                        <span class="px-2 py-1 text-xs font-semibold bg-blue-100 text-blue-800 rounded-full">AI Docs on DeepWiki</span>
                    </a>
                </div>
                <div>
                    <a href="https://github.com/webshubham259/eureka009167194366455078,0.027779,0.3860055404653198,0.854750763623461,0.958218330378833,0.9906978623332129,0.0432262906795966,0.9546228046245236
599_fri_c2_1000_5,cuda,5,8000,10,6.480792045593262,14.825852,0.000614166259765625,0.029619,0.605372414614196,0.6704919371036091,1.1079311173670607,1.0561128987498585,-0.00286271502169666,0.9981299319384865
605_fri_c2_250_25,cuda,25,2000,10,1.7907803058624268,30.499856,0.0052373409271240234,0.033403,0.6863889941305368,0.4976163146434287,1.1268617439095951,0.9757667564688934,-0.015282594708431185,0.9762449211450641
609_fri_c0_1000_5,cuda,5,8000,10,6.389150381088257,14.827882,0.0006330013275146484,0.031099,0.4382340600504694,0.8234583523731756,1.4954014644709155,1.0185856435572713,0.046259950123345384,1.007722589134379
612_fri_c1_1000_5,cuda,5,8000,10,6.677767992019653,14.825859,0.0006368160247802734,0.031513,0.5995319475730777,0.6145370672840659,1.583560961095111,0.9684887472150036,-0.0058821893285891935,1.0206288763863467
616_fri_c4_500_50,cuda,50,4000,10,4.010639190673828,182.768222,0.008651018142700195,0.080995,0.6914243674820519,0.5280609901691677,1.07380141967127,1.0135543490637946,-0.014122919140307832,1.0134992023266391
617_fri_c3_500_5,cuda,5,4000,10,3.32261061668396,7.435754,0.0005297660827636719,0.012699,0.8077090223980669,0.4166913215186374,1.925346338414833,1.0582257057105493,-0.0012561196281934972,1.0124591404666734
620_fri_c1_1000_25,cuda,25,8000,10,6.6692798137664795,106.002477,0.0012767314910888672,0.034715,0.6416105792186805,0.5924598651373326,1.124701095098453,1.006592733613114,-0.003078528975726025,1.0057181551568524
621_fri_c0_100_10,cuda,10,1040,13,0.7477908134460449,3.885097,0.0009467601776123047,0.006041,0.5888465728898794,0.6873421929429212,0.8098704528091332,1.0999676238814582,-0.09100007088351303,1.0765156867687409
623_fri_c4_1000_10,cuda,10,8000,10,6.3906683921813965,29.55331,0.0011076927185058594,0.029793,0.6176055940854382,0.6089306176390878,1.6100435229453762,0.9876094611162454,-4.275527347719077e-06,0.9992136895608666
624_fri_c0_100_5,cuda,5,1040,13,0.749582052230835,1.96336,0.0006222724914550781,0.004481,0.3269426678569354,0.8754865427906072,0.452981507655256,0.9621209516344079,-0.07828218953507204,1.009648495572195
635_fri_c0_250_10,cuda,10,2000,10,1.748924970626831,7.421729,0.0006356239318847656,0.009801,0.47813921512558283,0.7568629920574744,2.8420491146096025,0.9401438570579618,0.05999326619261358,1.0143179073169954
649_fri_c0_500_5,cuda,5,4000,10,3.215956687927246,7.436934,0.0005679130554199219,0.015219,0.38177291847348716,0.8616369511942266,2.155786262177885,1.023741896549833,0.005073859935223135,1.5771300629493528
